date,id,source,label,price,currency
2026-07-11,flight-tpe-oka-jx,google_flights,JX870,41855,TWD
2026-07-12,flight-tpe-oka-jx,google_flights,JX870,41855,TWD
2026-07-13,flight-tpe-oka-jx,google_flights,JX870,40213,TWD
2026-07-14,flight-tpe-oka-jx,google_flights,JX870,40210,TWD
2026-07-15,flight-tpe-oka-jx,google_flights,JX870,41745,TWD
2026-07-16,flight-tpe-oka-jx,google_flights,JX870,39825,TWD
2026-07-17,flight-tpe-oka-jx,google_flights,JX870,38401,TWD
2026-07-18,flight-tpe-oka-jx,google_flights,JX870,38416,TWD
2026-07-19,flight-tpe-oka-jx,google_flights,JX870,38416,TWD
2026-07-20,flight-tpe-oka-jx,google_flights,JX870,38416,TWD
2026-07-21,flight-tpe-oka-jx,google_flights,JX870,39903,TWD
2026-07-22,flight-tpe-oka-jx,google_flights,JX870,33353,TWD
2026-07-23,flight-tpe-oka-jx,google_flights,JX870,34512,TWD
2026-07-24,flight-tpe-oka-jx,google_flights,JX870,31981,TWD
2026-07-25,flight-tpe-oka-jx,google_flights,JX870,31942,TWD
2026-07-26,flight-tpe-oka-jx,google_flights,JX870,31947,TWD
2026-07-27,flight-tpe-oka-jx,google_flights,JX870,31947,TWD
2026-07-28,flight-tpe-oka-jx,google_flights,JX870,31953,TWD
2026-07-29,flight-tpe-oka-jx,google_flights,JX870,31953,TWD
2026-07-30,flight-tpe-oka-jx,google_flights,JX870,31960,TWD
2026-07-31,flight-tpe-oka-jx,google_flights,JX870,31974,TWD
